{"train/avg_batch_loss":1.1256679827347398,"train/learning_rate":0.00029716925928369164,"initial/val_accuracy":0.6441101431846619,"batch/grad_norm":0.6224303841590881,"train/num_batches":64,"dataset/total_sentences":634,"best/val_loss":0.9263625144958496,"val/accuracy":0.644973635673523,"_wandb":{"runtime":497},"dataset/n_features":512,"val/loss":0.9263625144958496,"dataset/max_sentence_length":200,"dataset/train_sentences":507,"dataset/train_split_ratio":0.8,"train/epoch_time":337.7901017665863,"_timestamp":1.7494496751503823e+09,"model/total_parameters":1982248,"best/val_accuracy":0.644973635673523,"initial/val_loss":0.9262380599975586,"train/min_grad_norm":0.47487694025039673,"train/loss":1.125667691230774,"batch/step":1014,"epoch":0,"batch/learning_rate":0.0002956683747470379,"dataset/feature_max":1.1204071e+07,"_runtime":450.430634223,"batch/loss":0.9038160443305969,"dataset/avg_sentence_length":128.1403785488959,"_step":24,"dataset/min_sentence_length":53,"dataset/val_sentences":127,"train/max_grad_norm":15.697443962097168,"train/accuracy":0.5870482325553894,"train/avg_grad_norm":2.4642745181918144,"dataset/feature_min":0}