{"batch/learning_rate":9.999999974752427e-07,"epoch":5,"train/num_batches":259,"train/avg_batch_loss":0.6774357894442716,"dataset/train_split_ratio":0.8,"checkpoint/path":"ttt_experiments/basic_ttt_20250608_235428/checkpoints/ckpt-1","dataset/val_sentences":2065,"best/val_accuracy":0.7317337393760681,"batch/step":4254,"train/max_grad_norm":6.150662422180176,"train/avg_grad_norm":1.1333563300173255,"dataset/min_sentence_length":19,"train/min_grad_norm":0.31573423743247986,"val/loss":0.7368491888046265,"model/total_parameters":1982248,"dataset/train_sentences":8257,"_timestamp":1.7494576381265597e+09,"val/accuracy":0.7294490337371826,"train/epoch_time":1081.8931066989899,"best/val_loss":0.7357778549194336,"dataset/max_sentence_length":200,"dataset/feature_min":0,"train/learning_rate":9.999999974752427e-07,"checkpoint/epoch":5,"dataset/total_sentences":10322,"dataset/avg_sentence_length":76.90893237744623,"batch/grad_norm":2.1800336837768555,"train/accuracy":0.7438729405403137,"batch/loss":0.7420102953910828,"_runtime":5570.506535059,"_step":280,"_wandb":{"runtime":5606},"dataset/feature_max":1.879867264e+09,"train/loss":0.6774358153343201,"dataset/n_features":1280}