overall_cer,overall_per,frame_accuracy
37.97698780697235,40.63537695346042,62.02301219302765
