bin,count,cer,per
10-50,770,36.457142857142856,39.009142857142855
51-100,819,38.24338624338625,40.920423280423286
101-150,368,38.03695652173913,40.69954347826087
151-200,108,38.51322751322751,41.20915343915344
