{"_timestamp":1.7494516692510076e+09,"batch/step":339,"dataset/avg_sentence_length":76.90893237744623,"batch/grad_norm":0.5763048529624939,"dataset/feature_max":1.879867264e+09,"batch/loss":0.8530807495117188,"val/accuracy":0.6317825317382812,"batch/learning_rate":0.00022525312670040876,"dataset/max_sentence_length":200,"dataset/n_features":1280,"dataset/total_sentences":10322,"_wandb":{"runtime":1676},"dataset/feature_min":0,"val/loss":2.064059257507324,"_step":72,"_runtime":1616.506978669,"epoch":0,"dataset/train_split_ratio":0.8,"model/total_parameters":1982248,"dataset/val_sentences":2065,"dataset/train_sentences":8257,"dataset/min_sentence_length":19}