{"dataset/min_sentence_length":53,"_wandb":{"runtime":279},"batch/grad_norm":0.6019490957260132,"batch/loss":1.0949881076812744,"dataset/feature_max":1.1204071e+07,"dataset/train_split_ratio":0.8,"dataset/max_sentence_length":200,"val/loss":1.9773902893066406,"model/total_parameters":1982248,"dataset/feature_min":0,"_step":12,"batch/step":39,"val/accuracy":0.6290674209594727,"_timestamp":1.7494499609960396e+09,"dataset/val_sentences":127,"batch/learning_rate":0.00029891301528550684,"dataset/avg_sentence_length":128.1403785488959,"dataset/total_sentences":634,"_runtime":223.097592482,"dataset/train_sentences":507,"dataset/n_features":512,"epoch":0}