{"batch/grad_norm":0.6950508952140808,"batch/step":29,"_step":9,"dataset/n_features":512,"dataset/min_sentence_length":53,"batch/learning_rate":0.00029939867090433836,"_runtime":147.723706988,"dataset/val_sentences":127,"dataset/feature_min":0,"_timestamp":1.7494488235850096e+09,"dataset/max_sentence_length":200,"batch/loss":1.0263177156448364,"dataset/train_sentences":507,"_wandb":{"runtime":218},"dataset/avg_sentence_length":128.1403785488959,"dataset/train_split_ratio":0.8,"dataset/feature_max":1.1204071e+07,"model/total_parameters":1982248,"dataset/total_sentences":634}